"    Бытовая техника","","","",""
"            Мойки","","","",""
"                Минимойка Aqua Race APW-VTB-110P","48390","2999","","нет"
"        Увлажнители","","","",""
"            Увлажнитель ""Element ES-601""","14083","846","","заканчиваются"
"            Увлажнитель ""Element ES-602H""","14084","1217","","заканчиваются"
"        Электрообогреватели","","","",""
"            Инфракрасные обогреватели","","","",""
"                Обогреватель инфракрасный ELEMENT IR-1500","11714","999","","нет"
"                Обогреватель инфракрасный ELEMENT IR-1800","11715","1049","","нет"
"                Обогреватель инфракрасный ELEMENT IR-2500","11716","1099","","нет"
"            Кварцевые инфракрасные обогреватели","","","",""
"                Обогреватель кварцевый инфракрасный KVH-1401","12777","899","","нет"
"                Обогреватель кварцевый инфракрасный KVH-1801","12778","949","","нет"
"                Обогреватель кварцевый инфракрасный KVH-2501","12779","999","","нет"
"            Конвекторы","","","",""
"                Конвектор CE-1002LK","9836","1324","","заканчиваются"
"                Конвектор CE-1005LKS","11664","1522","","заканчиваются"
"                Конвектор CE-1006MH","12722","953","","заканчиваются"
"                Конвектор CE-1007MTA","13800","1058","","нет"
"                Конвектор CE-1008LT","13803","1324","","заканчиваются"
"                Конвектор CE-1011МВК","48576","599","","достаточно"
"                Конвектор CE-1505LKS","11665","1720","","заканчиваются"
"                Конвектор CE-1507MTA","13801","1190","","нет"
"                Конвектор CE-1508LT","13804","1588","","заканчиваются"
"                Конвектор CE-1509MTS","14110","1853","","достаточно"
"                Конвектор CE-2007MTA","13802","1324","","нет"
"                Конвектор CE-2008LT","13805","1853","","нет"
"                Конвектор CE-2009MTS","14111","1985","","заканчиваются"
"                Конвектор CE-2012МВ","49004","749","","заканчиваются"
"                Конвектор CE-2409MTS","14112","2117","","заканчиваются"
"                Конвектор CE-750MH","12721","767","","заканчиваются"
"                Конвектор PH-1003MK","10296","953","","заканчиваются"
"                Конвектор PH-1503MK","10297","1217","","заканчиваются"
"                Конвектор PH-2003MK","10298","1350","","заканчиваются"
"                Обогреватель конвекционный ELEMENT CE-2011S","14204","1416","","заканчиваются"
"            Маслянные радиаторы","","","",""
"                Радиатор ELEMENT OR 0706-7","48585","621","","нет"
"                Радиатор ELEMENT OR 0715-6","48587","694","","нет"
"                Радиатор ELEMENT OR 0909-7","48586","725","","заканчиваются"
"                Радиатор ELEMENT OR 0920-6","48588","889","","нет"
"                Радиатор ELEMENT OR 1125-6","48589","1045","","нет"
"            Микатермические обогреватели","","","",""
"                Микатермический обогреватель ELEMENT MK-1001","14210","1456","","заканчиваются"
"                Микатермический обогреватель ELEMENT MK-1501","14211","1654","","заканчиваются"
"                Микатермический обогреватель ELEMENT MK-2001","14212","1853","","нет"
"            Радиаторы","","","",""
"                Радиатор ER-0406","12719","1693","","заканчиваются"
"                Радиатор ER-0612","12720","1919","","заканчиваются"
"                Радиатор конвекционный KR-2001T","14117","1786","","заканчиваются"
"            Тепловентиляторы керамич. напольные","","","",""
"                Тепловентилятор  ELEMENT CSH-1060","11661","900","","нет"
"                Тепловентилятор  ELEMENT CSH-2050","11662","1158","","заканчиваются"
"                Тепловентилятор  ELEMENT CSH-2060","11663","1350","","заканчиваются"
"            Тепловентиляторы керамич. настенные","","","",""
"                Обогреватель настенный ELEMENT CWH-4040 LTI","13964","1309","","заканчиваются"
"            Тепловентиляторы спиральные","","","",""
"                Тепловентилятор  ELEMENT FH-203","11673","216","","нет"
"                Тепловентилятор  ELEMENT FH-204","14344","216","","нет"
"                Тепловентилятор  ELEMENT FH-205","14698","216","","нет"
"    ТНП","","","",""
"        Бензопилы","","","",""
"            Бензопилы ""Limex""","","","",""
"                Бензопила цепная Limex Mp 451n                                                 ►НОВИНКА◄","50404","1471","","достаточно"
"                Бензопила цепная Limex Mp 451n (2шт+2ц)                                  ►НОВИНКА◄","50405","1625","","достаточно"
"                Бензопила цепная Limex Mp 521n                                                 ►НОВИНКА◄","50408","1532","","достаточно"
"            Бензопилы ""Vitals""","","","",""
"                Бензопила цепная Vitals BKZ 4517n","46171","1596","","достаточно"
"                Бензопила цепная Vitals BKZ 5222n","46172","1689","","достаточно"
"                Бензопила цепная Vitals Master BKZ 4014o","43264","2001","","нет"
"                Бензопила цепная Vitals Master BKZ 4014o (шина 14"")","51040","2001","","достаточно"
"                Бензопила цепная Vitals Master BKZ 4519o","43263","2065","","достаточно"
"                Бензопила цепная Vitals Master BKZ 4519o (new)","51039","2129","","достаточно"
"                Бензопила цепная Vitals Master BKZ 5022o","40292","2251","","достаточно"
"                Бензопила цепная Vitals Master BKZ 5030o","50488","2251","","достаточно"
"                Бензопила цепная Vitals Master BKZ 5823o","40293Р","2315","","заканчиваются"
"                Бензопила цепная Vitals Master BKZ 5823os","40294","2362","","нет"
"                Бензопила цепная Vitals Master BKZ 5832o","50489","2315","","достаточно"
"                Бензопила цепная Vitals Professional BKZ 4620r","41309","2662","","достаточно"
"                Бензопила цепная Vitals Professional BKZ 5022r","41310","2787","","нет"
"                Бензопила цепная Vitals Professional BKZ 5022rm","41311","3130","","нет"
"                Бензопила цепная Vitals professional BKZ 5022rm (шина 18"")       ►НОВИНКА◄","50572","3098","","достаточно"
"                Бензопила цепная Vitals professional BKZ 5825rm                         ►НОВИНКА◄","50193","3288","","достаточно"
"            Бензопилы ""Кентавр""","","","",""
"                Бензопила цепная ""Кентавр БП-4520Н""","17259","1284","","нет"
"                Бензопила цепная ""Кентавр БП-4521ТН""","46169","1313","","достаточно"
"                Бензопила цепная ""Кентавр БП-4521ТН"" (2шт+2ц)","48103","1471","","достаточно"
"                Бензопила цепная ""Кентавр БП-5224Н""","17258","1348","","нет"
"                Бензопила цепная ""Кентавр БП-5225ТН""","46170","1377","","достаточно"
"                Бензопила цепная ""Кентавр БП-5225ТН"" (2шт+2ц)","50403","1549","","достаточно"
"                Бензопила цепная ""Кентавр БП-5826Н""","17257","1409","","нет"
"                Бензопила цепная ""Кентавр БП-5827ТН""","47636","1439","","достаточно"
"        Бетономешалки","","","",""
"            Бетономешалки ""Vitals""","","","",""
"                Бетономешалка ""Vitals CM 125C-2G""","8290","3518","","нет"
"                Бетономешалка ""Vitals CM 140H-1G""","7119","5577","","нет"
"                Бетономешалка ""Vitals CM 140V-1G""","7120","5634","","нет"
"                Бетономешалка ""Vitals CM 160C-2G""","8291","4545","","нет"
"                Бетономешалка ""Vitals CM 180C-2G""","8292","4664","","достаточно"
"                Бетономешалка ""Vitals CM 230H-1G""","8288","7121","","нет"
"                Бетономешалка ""Vitals CM 230V-1G""","8289","7064","","нет"
"            Бетономешалки ""Кентавр""","","","",""
"                Бетономешалка ""Кентавр БМ-125""","13218","3375","","нет"
"                Бетономешалка ""Кентавр БМ-125М-2""","50483","3375","","в резерве"
"                Бетономешалка ""Кентавр БМ-125М""","17280","3375","","нет"
"                Бетономешалка ""Кентавр БМ-125М"" (оранжевая)","43921","3375","","нет"
"                Бетономешалка ""Кентавр БМ-125СП""","39942","3375","","нет"
"                Бетономешалка ""Кентавр БМ-125СП"" (оранжевая)","44406","3375","","нет"
"                Бетономешалка ""Кентавр БМ-140""","13219","4061","","нет"
"                Бетономешалка ""Кентавр БМ-140М""","17281","4061","","нет"
"                Бетономешалка ""Кентавр БМ-140М"" (оранжевая)","45793","4061","","нет"
"                Бетономешалка ""Кентавр БМ-140П""","13222","5405","","в резерве"
"                Бетономешалка ""Кентавр БМ-140ПВ""","44028","5548","","нет"
"                Бетономешалка ""Кентавр БМ-140ПВ"" (оранжевая)","44411Р","5548","","нет"
"                Бетономешалка ""Кентавр БМ-140СП""","40896","3832","","нет"
"                Бетономешалка ""Кентавр БМ-140СП"" (оранжевая)","44407","3832","","нет"
"                Бетономешалка ""Кентавр БМ-160""","13220","4204","","нет"
"                Бетономешалка ""Кентавр БМ-160М""","41608","4204","","в резерве"
"                Бетономешалка ""Кентавр БМ-160М"" (оранжевая)","43922","4204","","нет"
"                Бетономешалка ""Кентавр БМ-160СП""","39943","4204","","нет"
"                Бетономешалка ""Кентавр БМ-160СП"" (оранжевая)","44408","4204","","нет"
"                Бетономешалка ""Кентавр БМ-180""","13221","4376","","нет"
"                Бетономешалка ""Кентавр БМ-180М""","41609","4376","","нет"
"                Бетономешалка ""Кентавр БМ-180М"" (оранжевая)","43923","4376","","нет"
"                Бетономешалка ""Кентавр БМ-180СП""","39944","4376","100000","нет"
"                Бетономешалка ""Кентавр БМ-180СП"" (оранжевая)","44409","4376","","в резерве"
"                Бетономешалка ""Кентавр БМ-200СП""","39945","5205","","в резерве"
"                Бетономешалка ""Кентавр БМ-200СП"" (оранжевая)","44410","5205","","нет"
"                Бетономешалка ""Кентавр БМ-75""","13217","2860","","нет"
"        Верстаки","","","",""
"            Верстак Кентавр ВБ-01В","43680","748","","достаточно"
"            Столешница на верстак Кентавр ВБ-01В","43681","419","","заканчиваются"
"        Веткоизмельчители","","","",""
"            Веткоизмельчители Vitals","","","",""
"                Веткоизмельчитель Vitals Master Zs 2040y","44100","3439","","нет"
"                Веткоизмельчитель Vitals Master Zs 2540y       ","44099","4290","","заканчиваются"
"        Воздуходувки","","","",""
"            Воздуходувка Vitals LP 2572b                                                           ►НОВИНКА◄","50366","2854","","нет"
"            Воздуходувка Vitals Master LP 77100a                                              ►НОВИНКА◄","50630","5504","","нет"
"        Газовые баллоны","","","",""
"            Баллон газовый 3-50-2,5-К 50л.","43294","1017","","заканчиваются"
"            Баллон газовый 4-12-2-В 12л.","43296","598","","достаточно"
"            Баллон газовый 4-27-2,5-В 27л.","43295","837","","достаточно"
"            Баллон газовый 4-5-2-В 5л.","43297","508","","достаточно"
"        Газонокосилки","","","",""
"            Газонокосилка Vitals Master EZP-321s","40307","1340","","нет"
"            Газонокосилки бензиновые Vitals ","","","",""
"                Газонокосилка бензиновая Vitals master Zp 46139n","43587","7206","","нет"
"                Газонокосилка бензиновая Vitals master Zp 46139nd","43588","8013","","нет"
"                Газонокосилка бензиновая Vitals master Zp 50139nd","43589","8821","","нет"
"                Газонокосилка бензиновая Vitals Zp 4099n","43586","5053","","нет"
"        Генераторы","","","",""
"            Генераторы ""Biedronka""","","","",""
"                Генератор бензиновый Biedronka GP2022BS","16966","14329","","нет"
"                Генератор бензиновый Biedronka GP5055BS","16967","29527","","нет"
"                Генератор бензиновый Biedronka GP5055BSE","40732","32554","","нет"
"                Генератор бензиновый Biedronka GP5055BSS","40735","47463","","нет"
"                Генератор бензиновый Biedronka GP6065BS","16968","32554","","нет"
"                Генератор бензиновый Biedronka GP6065BSE","40733","35549","","нет"
"                Генератор бензиновый Biedronka GP6065BSE-A","40734","41474","","нет"
"            Генераторы ""Vitals""","","","",""
"                Генератор бензиновый Vitals ERS 2.0b","14759","7193","","заканчиваются"
"                Генератор бензиновый Vitals ERS 2.0bg             ","17301","7804","","достаточно"
"                Генератор бензиновый Vitals ERS 2.0bng","42350","7979","","достаточно"
"                Генератор бензиновый Vitals ERS 2.5b","14760","7804","","достаточно"
"                Генератор бензиновый Vitals ERS 2.8b                ","43567Р","8299","","достаточно"
"                Генератор бензиновый Vitals ERS 2.8bg            ","17303","9755","","заканчиваются"
"                Генератор бензиновый Vitals ERS 2.8bng","42351","10163","","достаточно"
"                Генератор бензиновый Vitals ERS 5.0b","14763","15958","","нет"
"                Генератор бензиновый Vitals Master EST 15.0bat","43571","118839","","нет"
"                Генератор бензиновый Vitals Master EST 15.0bt","43570","109462","","нет"
"                Генератор бензиновый Vitals Master EST 18.0bat","43573","121955","","нет"
"                Генератор бензиновый Vitals Master EST 18.0bt","43572","112578","","нет"
"                Генератор бензиновый Vitals Master EST 2.0bg     ","17302","9551","","достаточно"
"                Генератор бензиновый Vitals Master EST 2.5b","14761","9697","","достаточно"
"                Генератор бензиновый Vitals Master EST 2.8b","43568Р","10163","","достаточно"
"                Генератор бензиновый Vitals Master EST 2.8bg  ","17304","11561","","заканчиваются"
"                Генератор бензиновый Vitals Master EST 2.8bng","44439","11881","","достаточно"
"                Генератор бензиновый Vitals Master EST 4.0b","14762","17356","","нет"
"                Генератор бензиновый Vitals Master EST 5.0b","14764","17821","","нет"
"                Генератор бензиновый Vitals Master EST 5.8b","14765","18142","","заканчиваются"
"                Генератор бензиновый Vitals Master EST 5.8ba","16450","19714","","достаточно"
"                Генератор бензиновый Vitals Master EST 6.0bg   ","17305","19540","","заканчиваются"
"                Генератор бензиновый Vitals Master EST 6.0bng ","42349","20326","","заканчиваются"
"                Генератор бензиновый Vitals Master EST 6.5b","43569","18462","","в резерве"
"                Генератор бензиновый Vitals Master EST 8.5-3b","14767","49708","","нет"
"                Генератор бензиновый Vitals Master EST 8.5b","14766","48485","","заканчиваются"
"                Генератор дизельный Vitals ERS 4.6d","14757","23762","","нет"
"                Генератор дизельный Vitals ERS 4.6dt","14758","29702","","нет"
"            Генераторы ""Кентавр""","","","",""
"                Генератор бензиновый Кентавр КБГ078","41451","2660","","достаточно"
"                Генератор бензиновый Кентавр КБГ078а                                     ►НОВИНКА◄","51263","2431","","достаточно"
"                Генератор бензиновый Кентавр КБГ089","41453","3718","","достаточно"
"                Генератор бензиновый Кентавр КБГ112","41452","4147","","заканчиваются"
"                Генератор бензиновый Кентавр КБГ112а                                     ►НОВИНКА◄","51264","3575","","достаточно"
"                Генератор бензиновый Кентавр КБГ202","41454","4462","","достаточно"
"                Генератор бензиновый Кентавр КБГ202а","49528","4147","","достаточно"
"                Генератор бензиновый Кентавр КБГ258","41455","5062","","достаточно"
"                Генератор бензиновый Кентавр КБГ258а","44893","4462","","нет"
"                Генератор бензиновый Кентавр КБГ258Э","41456","5691","","достаточно"
"                Генератор бензиновый Кентавр КБГ283","44892","5520","","достаточно"
"                Генератор бензиновый Кентавр КБГ505","45141","9838","","заканчиваются"
"                Генератор бензиновый Кентавр КБГ505Э","41457","11211","","достаточно"
"                Генератор бензиновый Кентавр КБГ505ЭКР","45321","11526","","достаточно"
"                Генератор бензиновый Кентавр КБГ605Э","45676","12756","","достаточно"
"                Генератор бензиновый Кентавр КБГ605Э/3","44894","13270","","достаточно"
"                Генератор бензиновый Кентавр ЛБГ258","14346","5062","","нет"
"                Генератор дизельный Кентавр КДГ283К","45142","12984","","нет"
"                Генератор дизельный Кентавр КДГ283ЭК","45143","14271","","заканчиваются"
"                Генератор дизельный Кентавр КДГ505ЭК","42590","17189","","достаточно"
"                Генератор дизельный Кентавр КДГ505ЭК/З","45144","16588","","заканчиваются"
"            Генераторы SGS","","","",""
"                Генератор дизельный ""SGS 15-3SDAP.T60""","46025","224296","","заканчиваются"
"                Генератор дизельный ""SGS 70-3SDAP.T170""","46027","386118","","заканчиваются"
"            Карбюраторы","","","",""
"                Карбюратор бензин- газ с редуктором (2,0-2,8кВт)                      ►НОВИНКА◄","47673","686","","достаточно"
"                Карбюратор бензин- газ с редуктором (5,0-6,0кВт)                      ►НОВИНКА◄","47675","998","","достаточно"
"        Двигатели","","","",""
"            Двигатели бензиновые","","","",""
"                Двигатель бензиновый ""Кентавр ДВЗ-200Б""","50722","2230","","в резерве"
"                Двигатель бензиновый ""Кентавр ДВЗ-200Б1""","50725","2402","","нет"
"                Двигатель бензиновый ""Кентавр ДВЗ-200Б1Х""","50726","3003","","в резерве"
"                Двигатель бензиновый ""Кентавр ДВЗ-200БЗР""","50724","2938","","заканчиваются"
"                Двигатель бензиновый ""Кентавр ДВЗ-200БШЛ""","50727","2746","","нет"
"                Двигатель бензиновый ""Кентавр ДВЗ-210Б""","50723","2259","","достаточно"
"                Двигатель бензиновый ""Кентавр ДВЗ-210БШЛ""                             ►НОВИНКА◄","52022","2974","","нет"
"                Двигатель бензиновый ""Кентавр ДВЗ-390Б""","50718","5911","","нет"
"                Двигатель бензиновый ""Кентавр ДВЗ-390БЕ""","50720","6578","","нет"
"                Двигатель бензиновый ""Кентавр ДВЗ-390БШЛ""                             ►НОВИНКА◄","51862","5768","","достаточно"
"                Двигатель бензиновый ""Кентавр ДВЗ-420Б""","50719","6441","","в резерве"
"                Двигатель бензиновый ""Кентавр ДВЗ-420БЕ""","50721","6864","","заканчиваются"
"                Двигатель бензиновый ""Кентавр ДВС-200Б""","16364","2720","","нет"
"                Двигатель бензиновый ""Кентавр ДВС-200Б1""","41314","2720","","нет"
"                Двигатель бензиновый ""Кентавр ДВС-200Б1Х""","45867","3003","","заканчиваются"
"                Двигатель бензиновый ""Кентавр ДВС-200БЗР""","45866","2938","","нет"
"                Двигатель бензиновый ""Кентавр ДВС-200БШЛ""","42352","2746","","нет"
"                Двигатель бензиновый ""Кентавр ДВС-390Б""","16365","5911","","нет"
"                Двигатель бензиновый ""Кентавр ДВС-390БЭ""","17306","6578","","заканчиваются"
"                Двигатель бензиновый ""Кентавр ДВС-420Б""","17307","6441","","нет"
"                Двигатель бензиновый ""Кентавр ДВС-420БЭ""","17308","7629","","нет"
"            Двигатели дизельные","","","",""
"                Двигатель дизельный ""Кентавр ДВЗ-300ДШЛ""","50728","7819","","заканчиваются"
"                Двигатель дизельный ""Кентавр ДВЗ-420Д""","50729","7579","","в резерве"
"                Двигатель дизельный ""Кентавр ДВЗ-420ДЕ""","50730","8723","","нет"
"                Двигатель дизельный ""Кентавр ДВЗ-420ДШЛЕ""","50731","11569","","заканчиваются"
"                Двигатель дизельный ""Кентавр ДВС-210Д""","17107","6441","","нет"
"                Двигатель дизельный ""Кентавр ДВС-300Д""","16366","7293","","заканчиваются"
"                Двигатель дизельный ""Кентавр ДВС-300ДШЛ""","39976","7819","","нет"
"                Двигатель дизельный ""Кентавр ДВС-300ДШЛЭ""","39977","9382","","заканчиваются"
"                Двигатель дизельный ""Кентавр ДВС-300ДЭ""","17108","9382","","нет"
"                Двигатель дизельный ""Кентавр ДВС-410Д""","16367","9694","","нет"
"                Двигатель дизельный ""Кентавр ДВС-410ДШЛЭ""","39978","11258","","нет"
"                Двигатель дизельный ""Кентавр ДВС-410ДЭ""","17109","11258","","нет"
"        Зарядные устройства","","","",""
"            Зарядные устройства Кентавр","","","",""
"            Зарядное устройство ""Кентавр ЗУ-160С""","17451","766","","нет"
"            Зарядное устройство ""Кентавр ЗУ-160СП""","17448","859","","нет"
"            Зарядное устройство ""Кентавр ЗУ-200С""","17452","900","","нет"
"            Зарядное устройство ""Кентавр ЗУ-200СП""","17449","999","","нет"
"            Зарядное устройство ""Кентавр ЗУ-65С""","17450","676","","нет"
"            Зарядное устройство ""Кентавр ЗУ-65СП""","17447","725","","нет"
"            Пуско-зарядное устройство ""Кентавр ПЗУ-120СП""","17453","1657","","нет"
"            Пуско-зарядное устройство ""Кентавр ПЗУ-150СП""","17454","1782","","нет"
"            Пуско-зарядное устройство ""Кентавр ПЗУ-400СП""","17455","2784","","нет"
"            Пуско-зарядное устройство ""Кентавр ПЗУ-500СП""","17456","3189","","нет"
"            Пуско-зарядное устройство ""Кентавр ПЗУ-600С""","17457","3285","","нет"
"        Компрессоры","","","",""
"            Компрессоры Кентавр ","","","",""
"                Компрессор ""Кентавр КП-2015В""","48626","1971","","заканчиваются"
"                Компрессор ""Кентавр КП-24/20ПГ""","41997","2095","","нет"
"                Компрессор ""Кентавр КП-24/20С""","17125","2158","","в резерве"
"                Компрессор ""Кентавр КП-2420В""","48627","2095","","достаточно"
"                Компрессор ""Кентавр КП-2425В""","48628","2408","","достаточно"
"                Компрессор ""Кентавр КП-50/20ПГ""","41998","2627","","нет"
"                Компрессор ""Кентавр КП-50/20С""","17126","2720","","нет"
"                Компрессор ""Кентавр КП-50/30СВ""","39981","4848","","нет"
"                Компрессор ""Кентавр КП-5020В""","48629","2627","","достаточно"
"                Компрессор ""Кентавр КП-5025В""","48630","2970","","достаточно"
"                Компрессор ""Кентавр КП-5030В2""                                                 ►НОВИНКА◄","51103","4252","","заканчиваются"
"                Компрессор ""Кентавр КР-100/30СД""","42354","8162","","нет"
"                Компрессор ""Кентавр КР-10030ВД""                                               ►НОВИНКА◄","51105","8162","","нет"
"                Компрессор ""Кентавр КР-50/30С""","39982","6409","","нет"
"                Компрессор ""Кентавр КР-5030В""                                                   ►НОВИНКА◄","51104","6552","","заканчиваются"
"                Компрессор ""Кентавр КР-60/20С""","17127","5317","","нет"
"        Лестницы","","","",""
"            Лестницы Power Tec","","","",""
"                Лестница универсальная ""Power Tec"" 3х7","16133","2123","","нет"
"                Лестница универсальная ""Power Tec"" 3х9","16134","2870","","заканчиваются"
"            Лестницы Кентавр","","","",""
"                Лестница алюминиевая Кентавр 3С","16150","460","","достаточно"
"                Лестница алюминиевая Кентавр 4С","16151","539","","достаточно"
"                Лестница алюминиевая Кентавр 5С","16152","658","","достаточно"
"                Лестница алюминиевая Кентавр 6С","39854","837","","заканчиваются"
"                Лестница алюминиевая Кентавр 7С","39855","958","","нет"
"                Лестница алюминиевая Кентавр 8С","39856","1040","","нет"
"                Лестница приставная Кентавр 1х10","17462","987","","нет"
"                Лестница приставная Кентавр 1х12","17463","1002","","нет"
"                Лестница приставная Кентавр 1х14","17464","1156","","достаточно"
"                Лестница приставная Кентавр 1х16","17465","1281","","достаточно"
"                Лестница приставная Кентавр 1х18","17466","1500","","достаточно"
"                Лестница приставная Кентавр 1х20","17467","1625","","достаточно"
"                Лестница приставная Кентавр 1х8","17461","706","","нет"
"                Лестница телескопическая Кентавр 10Т","17159","2190","","заканчиваются"
"                Лестница телескопическая Кентавр 12Т","17160","2595","","заканчиваются"
"                Лестница телескопическая Кентавр 3,2м","16807","2650","","нет"
"                Лестница телескопическая Кентавр 3,8м","16808","3815","","нет"
"                Лестница универсальная Кентавр 2х10","17470","2452","","нет"
"                Лестница универсальная Кентавр 2х10н                                      ►НОВИНКА◄","50492","2063","","нет"
"                Лестница универсальная Кентавр 2х12","17471","2321","","заканчиваются"
"                Лестница универсальная Кентавр 2х6","17468","1281","","нет"
"                Лестница универсальная Кентавр 2х8","17469","1973","","нет"
"                Лестница универсальная Кентавр 3х10","44672","2900","","достаточно"
"                Лестница универсальная Кентавр 3х10н                                      ►НОВИНКА◄","50496","2870","","нет"
"                Лестница универсальная Кентавр 3х11","16147","3199","","нет"
"                Лестница универсальная Кентавр 3х11н                                      ►НОВИНКА◄","50497","3020","","нет"
"                Лестница универсальная Кентавр 3х12","16148","3379","","нет"
"                Лестница универсальная Кентавр 3х12н                                      ►НОВИНКА◄","50498","3110","","нет"
"                Лестница универсальная Кентавр 3х14","44673","4724","","нет"
"                Лестница универсальная Кентавр 3х14н                                      ►НОВИНКА◄","50499","4664","","нет"
"                Лестница универсальная Кентавр 3х7","16145","2213","","нет"
"                Лестница универсальная Кентавр 3х7м","44666","1914","","достаточно"
"                Лестница универсальная Кентавр 3х7н                                        ►НОВИНКА◄","50493","1854","","в резерве"
"                Лестница универсальная Кентавр 3х8","44671","2781","","нет"
"                Лестница универсальная Кентавр 3х8м","44667","2243","","нет"
"                Лестница универсальная Кентавр 3х8н                                        ►НОВИНКА◄","50494","2093","","нет"
"                Лестница универсальная Кентавр 3х9","16146","3020","","нет"
"                Лестница универсальная Кентавр 3х9м","44668","2571","","нет"
"                Лестница универсальная Кентавр 3х9н                                        ►НОВИНКА◄","50495","2272","","нет"
"                Лестница универсальная телескопическая Кентавр 4х3","17155","2302","","нет"
"                Лестница универсальная телескопическая Кентавр 4х4","17156","1616","","нет"
"                Лестница универсальная телескопическая Кентавр 4х5","17157","2592","","заканчиваются"
"                Лестница шарнирная Кентавр 4х3","16149","1718","","достаточно"
"                Лестница шарнирная Кентавр 4х3м","44669","1922","","нет"
"                Лестница шарнирная Кентавр 4х4","16806","2184","","достаточно"
"                Лестница шарнирная Кентавр 4х4м","44670","2388","","нет"
"                Лестница-трансформер Кентавр 3ТР","17158","1907","","нет"
"        Маски сварщика","","","",""
"            Маска сварщика ""Кентавр СМ-11-1""","41691","82","","нет"
"            Маска сварщика ""Кентавр СМ-11-2""","41692","124","","нет"
"            Маска сварщика ""Кентавр СМ-11-3""","45487","76","","нет"
"            Маска сварщика ""Кентавр СМ-11-4""","45488","82","","нет"
"            Маска сварщика ""Кентавр СМ-11-5""","45489","67","","нет"
"            Маска сварщика хамелеон ""Кентавр СМ-101""","38809","387","","нет"
"            Маска сварщика хамелеон ""Кентавр СМ-102""","50191","315","","достаточно"
"            Маска сварщика хамелеон ""Кентавр СМ-151""","50192","335","","достаточно"
"            Маска сварщика хамелеон ""Кентавр СМ-251""","38810","789","","нет"
"            Маска сварщика хамелеон ""Кентавр СМ-301""","45483","408","","нет"
"            Маска сварщика хамелеон ""Кентавр СМ-302Р""","45484","469","","нет"
"            Маска сварщика хамелеон ""Кентавр СМ-303Р""","45485","649","","нет"
"            Маска сварщика хамелеон ""Кентавр СМ-304РС""","45486","850","","нет"
"        Масло","","","",""
"            Масло для двухтактных двигателей Vitals Semisynthetic, 1л            ►НОВИНКА◄","51441","62","","заканчиваются"
"            Масло для пильных цепей Vitals Mineral, 1л                                     ►НОВИНКА◄","51442","65","","заканчиваются"
"            Масло для четырехтактных двигателей Vitals Semisynthetic API SL/CF, 1л","51443","76","","заканчиваются"
"            Масло компрессорное Vitals Mineral, 1л                                           ►НОВИНКА◄","51444","65","","заканчиваются"
"        Мотобуры","","","",""
"            Бур 100мм*800мм","43926","346","","нет"
"            Бур 150мм*1000мм","43927","406","","нет"
"            Бур 150мм*800мм","42509","371","","нет"
"            Бур 200мм*1000мм","43928","443","","нет"
"            Бур 250мм*1000мм","43929","658","","нет"
"            Бур 300мм*1000мм","43930","892","","нет"
"            Бур 400мм*800мм","43931","1507","","заканчиваются"
"            Мотобур ""Кентавр МБР-4315Н""","40053","3087","","нет"
"            Мотобур ""Кентавр МБР-43П""","43754","2784","","нет"
"            Мотобур ""Кентавр МБР-5220Н""","42399","3261","","нет"
"            Мотобур ""Кентавр МБР-52П""","43755","2970","","нет"
"            Мотобур Vitals BUM 52o","43756","3494","","нет"
"            Мотобур Vitals Master BUM 82300o","43265","8124","","нет"
"            Удлинитель к буру 1000мм","44484","281","","заканчиваются"
"            Удлинитель к буру 300мм","44481","187","","заканчиваются"
"            Удлинитель к буру 500мм","44482","218","","заканчиваются"
"            Удлинитель к буру 800мм","44483","250","","заканчиваются"
"        Мотокосы","","","",""
"             Аксессуары к мотокосе","","","",""
"                Катушка с леской триммерная Н-06 (М10х1,25)","48108","49","","нет"
"                Катушка с леской триммерная полуавтомат Н-07 (М10х1,25)","48109","85","","нет"
"                Катушка с леской триммерная полуавтомат Н-09 (М10х1,25)","48110","91","","нет"
"                Катушка с леской триммерная У-12                                               ►НОВИНКА◄","50636","85","","нет"
"                Катушка с леской триммерная У-13                                               ►НОВИНКА◄ ","50634","49","","заканчиваются"
"                Катушка с леской триммерная У-14                                               ►НОВИНКА◄","50637","63","","нет"
"                Катушка с леской триммерная У-2                                                 ►НОВИНКА◄","50635","63","","заканчиваются"
"                Катушка с леской триммерная У-3                                                 ►НОВИНКА◄","50631","91","","нет"
"                Катушка с леской триммерная У-4                                                 ►НОВИНКА◄","50632","127","","нет"
"                Катушка с леской триммерная У-6                                                 ►НОВИНКА◄ ","50633","137","","достаточно"
"                Нож к мотокосе 3 зуб.","44486","43","","заканчиваются"
"                Нож к мотокосе 3 зуб. острый","44487","44","","заканчиваются"
"                Нож к мотокосе 40 зуб.(нерж.сталь) ","50638","85","","нет"
"                Нож к мотокосе 40 зуб.*1,4мм ","44489","68","","нет"
"                Нож к мотокосе 8 зуб. ","44488","66","","в резерве"
"            Мотокосы ""Limex""","","","",""
"                Мотокоса Limex ВT 431kn","50513","1846","","нет"
"                Мотокоса Limex ВT 521kn","50602","1925","","нет"
"                Мотокоса Limex ВТ 520ba                                                             ►НОВИНКА◄","47964","2565","","нет"
"            Мотокосы ""Vitals""","","","",""
"                Мотокоса Vitals BK3108-4o","44352","2970","","нет"
"                Мотокоса Vitals BK4314o","40296","2033","","нет"
"                Мотокоса Vitals BK4319o","50490","2065","","в резерве"
"                Мотокоса Vitals BK4323t                                                                ►НОВИНКА◄","50804","1971","","в резерве"
"                Мотокоса Vitals BK4919o","40297","2129","","нет"
"                Мотокоса Vitals BK4925o","50491","2158","","достаточно"
"                Мотокоса Vitals BK5225t                                                                ►НОВИНКА◄","50805","2065","","достаточно"
"                Мотокоса Vitals Master BK4314r","41312","2376","","в резерве"
"                Мотокоса Vitals Master BK4917r","41313","2440","","нет"
"                Мотокоса Vitals Master BK5222а","47951","2315","","нет"
"                Мотокоса Vitals Professional BK5223a","47952","2565","","нет"
"            Мотокосы ""Кентавр""","","","",""
"                Мотокоса ""Кентавр МК-4324Н""                 ","40050","1689","","нет"
"                Мотокоса ""Кентавр МК-4324НК""","40051","1736","","нет"
"                Мотокоса ""Кентавр МК-4331Т""               ","47303","1721","","нет"
"                Мотокоса ""Кентавр МК-4331ТК""              ","47305","1768","","достаточно"
"                Мотокоса ""Кентавр МК-5232Н""               ","43584","1750","","нет"
"                Мотокоса ""Кентавр МК-5232НК""","40052","1864","","нет"
"                Мотокоса ""Кентавр МК-5236Т""              ","47304","1721","","в резерве"
"                Мотокоса ""Кентавр МК-5236ТК""             ","47306","1768","","нет"
"                Мотокоса ""Кентавр МК-5240ТК""             ","47307","2033","","заканчиваются"
"        Мотопомпы","","","",""
"            Мотопомпы Vitals","","","",""
"                Мотопомпа бензиновая Vitals USK 2-30b                                      ►НОВИНКА◄","51266","3582","","нет"
"                Мотопомпа бензиновая Vitals USK 3-60b                                      ►НОВИНКА◄","51267","4048","","нет"
"                Мотопомпа бензиновая Vitals USK 4-100b                                    ►НОВИНКА◄","51269","9901","","в резерве"
"                Мотопомпа бензиновая Vitals USK 4-110b                                    ►НОВИНКА◄","51271","10163","","в резерве"
"            Мотопомпы Кентавр","","","",""
"                Мотопомпа ""Кентавр ВБМ25-2""","43883","2457","","нет"
"                Мотопомпа ""Кентавр ВБМ25""","43885","3289","","нет"
"                Мотопомпа ""Кентавр ВБМ40-2""","43884","2780","","нет"
"                Мотопомпа бензиновая ""Кентавр КБМ100""","44895","8416","","в резерве"
"                Мотопомпа бензиновая ""Кентавр КБМ100П""","44896","8998","","в резерве"
"                Мотопомпа бензиновая ""Кентавр КБМ100ПК""","51270","9231","","в резерве"
"                Мотопомпа бензиновая ""Кентавр КБМ50""","41449","3261","","нет"
"                Мотопомпа бензиновая ""Кентавр КБМ80""","41450","3669","","нет"
"                Мотопомпа бензиновая ""Кентавр КБМ80ГКР""","51268","6843","","нет"
"                Мотопомпа бензиновая ""Кентавр ЛБМ100""","40900","8754","","нет"
"                Мотопомпа бензиновая ""Кентавр ЛБМ100П""","40901","9181","","нет"
"                Мотопомпа бензиновая ""Кентавр ЛБМ100ПК""","49584","9409","","нет"
"                Мотопомпа бензиновая ""Кентавр ЛБМ50""","40898","3501","","нет"
"                Мотопомпа бензиновая ""Кентавр ЛБМ80""","40899","3933","","нет"
"                Мотопомпа бензиновая ""Кентавр ЛБМ80ВН""","40903","5068","","нет"
"                Мотопомпа бензиновая ""Кентавр ЛБМ80ГКР""","40902","6787","","нет"
"                Мотопомпа дизельная ""Кентавр ЛДМ100""","41708","13453","","нет"
"                Мотопомпа дизельная ""Кентавр ЛДМ100Б""","43769","13820","","нет"
"                Мотопомпа дизельная ""Кентавр ЛДМ100БЭ""","43770","15970","","нет"
"                Мотопомпа дизельная ""Кентавр ЛДМ100Э""","40905","15601","","в резерве"
"                Мотопомпа дизельная ""Кентавр ЛДМ50""","43768","8692","","нет"
"                Мотопомпа дизельная ""Кентавр ЛДМ80""","40904","9489","","нет"
"                Мотопомпа Кентавр ВБМ-25-2Б                                                    ►НОВИНКА◄","50364","2501","","достаточно"
"                Мотопомпа Кентавр ВБМ-40-2Б                                                    ►НОВИНКА◄","50365","2679","","достаточно"
"        Насосное оборудование","","","",""
"            Комплектующие насосных станций","","","",""
"                Гидроаккумулятор 100л Vitals aqua (EPDM)","48877","2311","","нет"
"                Гидроаккумулятор 24л Vitals aqua (EPDM)","47603","512","","нет"
"                Гидроаккумулятор 24л Vitals aqua (натур.резина)","47602","549","","нет"
"                Гидроаккумулятор 24л Vitals aqua нерж. (EPDM)","48878","1348","","заканчиваются"
"                Гидроаккумулятор 50л Vitals aqua (EPDM)","47604","963","","нет"
"                Гидроаккумулятор 80л Vitals aqua (EPDM)","48876","2041","","заканчиваются"
"                Мембрана для гидроаккумулятора 24л EPDM","47605","96","","достаточно"
"                Мембрана для гидроаккумулятора 50л EPDM","47606","250","","достаточно"
"                Переходник 5-ходовой","47598","112","","заканчиваются"
"                Реле давления механическое FSG-2 (внешняя резьба)","50067","89","","достаточно"
"                Реле давления механическое FSG-2 (внутренняя резьба)","47596","89","","достаточно"
"                Реле давления механическое IP44 PM/5 (внешняя резьба)","50066","108","","достаточно"
"                Реле давления механическое IP44 PM/5 (внутренняя резьба)","47597","108","","достаточно"
"                Реле давления механическое SKE (внутренняя резьба)","50065","73","","достаточно"
"                Шланг гибкий для насосной станции 50см","47599","148","","нет"
"                Шланг гибкий для насосной станции 60см","47600","200","","заканчиваются"
"                Шланг гибкий для насосной станции 80см","47601","222","","заканчиваются"
"            Контроллеры давления автоматические","","","",""
"                Контроллер давления автоматический Vitals aqua AM 4-10e","47595","589","","заканчиваются"
"                Контроллер давления автоматический Vitals aqua AP 4-10e","47594","636","","заканчиваются"
"                Контроллер давления автоматический Vitals aqua AP 4-10s","47593","666","","заканчиваются"
"            Насосные станции","","","",""
"                Насосная станция вихревая Vitals aqua APQ 435-24e","47580","2311","","заканчиваются"
"                Насосная станция вихревая Vitals aqua APQ 435-2g","47577","1591","","нет"
"                Насосная станция вихревая Vitals aqua APQ 845-24е","48881","2696","","заканчиваются"
"                Насосная станция вихревая Vitals aqua AVQ 437-2eg","47579","2427","","нет"
"                Насосная станция вихревая Vitals aqua AVQ 437-2g","47578","2111","","нет"
"                Насосная станция струйная Vitals aqua AJ 1055-24e","47584","3428","","достаточно"
"                Насосная станция струйная Vitals aqua AJ 1055-50e","47585","3890","","достаточно"
"                Насосная станция струйная Vitals aqua AJ 745-24e","47581","3143","","заканчиваются"
"                Насосная станция струйная Vitals aqua AJ 845g","47582","3478","","заканчиваются"
"                Насосная станция струйная Vitals aqua AJ 950-24e","47583","3313","","достаточно"
"                Насосная станция струйная Vitals aqua AJS 1050-24e","47591","3351","","заканчиваются"
"                Насосная станция струйная Vitals aqua AJS 1050-50e","47592","3852","","достаточно"
"                Насосная станция струйная Vitals aqua AJS 1155-24e","49864","3428","","достаточно"
"                Насосная станция струйная Vitals aqua AJS 1155-50e","48882","3929","","достаточно"
"                Насосная станция струйная Vitals aqua AJS 745-24e","47590","3158","","достаточно"
"                Насосная станция струйная Vitals aqua AJW 1060-24e","47587","3313","","достаточно"
"                Насосная станция струйная Vitals aqua AJW 1170-24e","47588","3428","","достаточно"
"                Насосная станция струйная Vitals aqua AJW 1170-50e","47589","3929","","достаточно"
"                Насосная станция струйная Vitals aqua AJW 755-24e","47586","3082","","заканчиваются"
"            Насосы поверхностные","","","",""
"                Насос поверхностный вихревой Vitals aqua PQ 1165e","48879","1887","","достаточно"
"                Насос поверхностный вихревой Vitals aqua PQ 435e","47564","1028","","достаточно"
"                Насос поверхностный вихревой Vitals aqua PQ 845e","47565","1618","","достаточно"
"                Насос поверхностный струйный Vitals aqua J 1055e","47571","2234","","достаточно"
"                Насос поверхностный струйный Vitals aqua J 745e","47569","1964","","достаточно"
"                Насос поверхностный струйный Vitals aqua J 950e","47570","2041","","достаточно"
"                Насос поверхностный струйный Vitals aqua JS 1050e","47576","2273","","достаточно"
"                Насос поверхностный струйный Vitals aqua JS 1155e","48880","2350","","достаточно"
"                Насос поверхностный струйный Vitals aqua JS 745e","47575","2041","","достаточно"
"                Насос поверхностный струйный Vitals aqua JW 1060e","47573","2311","","достаточно"
"                Насос поверхностный струйный Vitals aqua JW 1170e","47574","2388","","достаточно"
"                Насос поверхностный струйный Vitals aqua JW 755e","47572","1964","","достаточно"
"                Насос поверхностный центробежный Vitals aqua CP 1010e","47950","2157","","нет"
"                Насос поверхностный центробежный Vitals aqua CP 1111e","47568","2311","","нет"
"                Насос поверхностный центробежный Vitals aqua CP 670e","47566","1618","","достаточно"
"            Насосы погружные дренажные","","","",""
"                Насос погружной дренажно-фекальный Vitals aqua KC 711o","47611","2850","","нет"
"                Насос погружной дренажно-фекальный Vitals aqua KC 914o","47612","2997","","достаточно"
"                Насос погружной дренажно-фекальный Vitals aqua KCG 913o","47613","3852","","достаточно"
"                Насос погружной дренажный для грязной воды Vitals aqua DP 713s","47609","1368","","достаточно"
"                Насос погружной дренажный для грязной воды Vitals aqua DPS 713s","47610","2072","","достаточно"
"                Насос погружной дренажный для чистой воды Vitals aqua DT 307s","47607","1109","","достаточно"
"                Насос погружной дренажный для чистой воды Vitals aqua DT 613s","47608","1333","","достаточно"
"            Насосы погружные скважинные","","","",""
"                Насос погружной скважинный вихревой Vitals aqua 4DV 2023-0.75r","47618","3505","","достаточно"
"                Насос погружной скважинный вихревой Vitals aqua 4DV 2023-0.75rc","48638","3182","","достаточно"
"                Насос погружной скважинный вихревой Vitals aqua 4DV 2032-1.3r","47619","5161","","достаточно"
"                Насос погружной скважинный вихревой Vitals aqua 4DV 2032-1.3rc","48639","4253","","достаточно"
"                Насос погружной скважинный центробежный Vitals aqua 3-10DCo 1728-0.6r","48640","3513","","достаточно"
"                Насос погружной скважинный центробежный Vitals aqua 3-15DCo 1938-0.8r","48641","4068","","достаточно"
"                Насос погружной скважинный центробежный Vitals aqua 3-20DCo 1647-1.0r","48642","4622","","достаточно"
"                Насос погружной скважинный центробежный Vitals aqua 3.5DC 1096-1.2r","47622","5393","","заканчиваются"
"                Насос погружной скважинный центробежный Vitals aqua 3.5DC 1542-0.65r","47620","3582","","достаточно"
"                Насос погружной скважинный центробежный Vitals aqua 3.5DC 1563-0.9r","47621","4237","","достаточно"
"                Насос погружной скважинный шнековый Vitals aqua 3.5DS 1048-0.5r","47614","2350","","достаточно"
"                Насос погружной скважинный шнековый Vitals aqua 3DS 1027-0.5r","48634","2273","","достаточно"
"                Насос погружной скважинный шнековый Vitals aqua 3DS 1231-0.6r","48635","2404","","достаточно"
"                Насос погружной скважинный шнековый Vitals aqua 3DS 1253-0.75r","48636","2700","","достаточно"
"                Насос погружной скважинный шнековый Vitals aqua 4DS 1260-0.75r","47615","2427","","достаточно"
"                Насос погружной скважинный шнековый Vitals aqua 4DS 1571-1.0r","48637","3216","","достаточно"
"                Насос погружной скважинный шнековый Vitals aqua 4DS 1578-1.1r","47617","3328","","заканчиваются"
"                Насос погружной скважинный шнековый Vitals aqua 4DS 2053-0.85r","47616","2696","","достаточно"
"        Опрыскиватели","","","",""
"            Мотоопрыскиватели","","","",""
"                Мотоопрыскиватель Limex PM 432b                                             ►НОВИНКА◄","50363","2766","","нет"
"                Мотоопрыскиватель ZIRKA OM-114T","43800","2315","","заканчиваются"
"                Мотоопрыскиватель ZIRKA OM-120","43801","2845","","заканчиваются"
"            Опрыскиватели SAMBO","","","",""
"                Опрыскиватель Sambo ОГ-112А","50546","230","","нет"
"                Опрыскиватель Sambo ОГ-112Б","50544","230","","в резерве"
"                Опрыскиватель Sambo ОГ-116А","50545","248","","нет"
"            Опрыскиватели ZIRKA","","","",""
"                Опрыскиватель ZIRKA ОГ-115","5806","386","","нет"
"                Опрыскиватель ZIRKA ОГ-116","5807","353","","нет"
"                Опрыскиватель ZIRKA ОГ-116-А","40417","320","","нет"
"                Опрыскиватель ZIRKA ОГ-212","47838","248","","достаточно"
"                Опрыскиватель ZIRKA ОГ-215","47872","290","","нет"
"                Опрыскиватель аккумуляторный ZIRKA ОА-216","43678","1286","","нет"
"                Опрыскиватель аккумуляторный ZIRKA ОА-316","43677","1979","","нет"
"                Опрыскиватель ОП-202","6261","51","","достаточно"
"                Опрыскиватель ОП-208","3596","221","","нет"
"                Опрыскиватель ОП-210","3387","224","","нет"
"        Паяльники","","","",""
"                 Паяльник пластиковых труб ""Кентавр ТСА-1000ГП3""","48651","328","","нет"
"                 Паяльник пластиковых труб ""Кентавр ТСА-1200Г""","40739","655","","нет"
"                 Паяльник пластиковых труб ""Кентавр ТСА-1200ГП6""","48650","555","","заканчиваются"
"                 Паяльник пластиковых труб ""Кентавр ТСА-1500Г""","40738","811","","нет"
"                 Паяльник пластиковых труб ""Кентавр ТСА-1500ГМ6""","48649Р","718","","достаточно"
"                 Паяльник пластиковых труб ""Кентавр ТСА-2000Г""","40737","1030","","нет"
"                 Паяльник пластиковых труб ""Кентавр ТСА-2000ГМ6"" (4 насадки)","50078","1030","","заканчиваются"
"                 Паяльник пластиковых труб ""Кентавр ТСА-2000ГМ6"" (6 насадок)","48648","936","","нет"
"                 Труборез для труб ПВХ ТПТ-42Г","48660","72","","заканчиваются"
"        Промышленные обогреватели ","","","",""
"            Обогреватель газовый Vitals GH-151","45782Р","2536","","заканчиваются"
"            Обогреватель газовый Vitals GH-301","45783Р","3019","","нет"
"            Обогреватель газовый Vitals GH-500","42164","46495","","нет"
"            Обогреватель газовый Vitals GH-501","45784Р","4600","","нет"
"            Обогреватель дизельный Vitals DH-200","42160","5917","","достаточно"
"            Обогреватель дизельный Vitals DH-300","42161","8660","","заканчиваются"
"            Обогреватель дизельный Vitals DHC-201","45779","24548","","заканчиваются"
"            Обогреватель дизельный Vitals DHC-301","45780","38123","","заканчиваются"
"            Обогреватель дизельный Vitals DHC-501","45781Р","55375","","заканчиваются"
"            Обогреватель дизельный Vitals DHC-801","45778","60099","","заканчиваются"
"            Тепловентилятор промышленный VITALS EH-150","42158","4830","","нет"
"            Тепловентилятор промышленный VITALS EH-20","42157","1076","","нет"
"            Тепловентилятор промышленный VITALS EH-21","45777","822","","нет"
"            Тепловентилятор промышленный VITALS EH-30","14191","1328","","достаточно"
"            Тепловентилятор промышленный VITALS EH-300","42159","7849","","нет"
"            Тепловентилятор промышленный VITALS EH-31","45776","1148","","заканчиваются"
"            Тепловентилятор промышленный VITALS EH-50","14192","1811","","заканчиваются"
"            Тепловентилятор промышленный VITALS EH-90","14193","2657","","заканчиваются"
"        Пылесосы садовые","","","",""
"            Пылесос садовый Vitals Master Lp 2412y","44101","993","","нет"
"        Сварочные аппараты","","","",""
"            Аксессуары к сварочным аппаратам ","","","",""
"                Зажим массы 300А","43529","44","","нет"
"                Зажим массы 300А профи","43530","69","","нет"
"                Зажим массы Н-2003А, 300А","45639","51","","нет"
"                Зажим массы Н-2003А, 300А (латунь)","45640","66","","нет"
"                Зажим массы Н-2004А, 500А","45641","72","","нет"
"                Зажим массы Н-2004А, 500А (латунь)","45642","99","","нет"
"                Электрододержатель 500 профи","43531","157","","нет"
"                Электрододержатель Н-1005, 300А","45648","73","","нет"
"                Электрододержатель Н-1005, 300А (латунь)","45649","167","","достаточно"
"                Электрододержатель Н-1006, 500А","45650","79","","нет"
"                Электрододержатель Н-1033, 300А","45645","78","","достаточно"
"                Электрододержатель Н-1033, 300А (латунь)","45646","139","","достаточно"
"                Электрододержатель Н-1034, 500А","45647","155","","достаточно"
"                Электрододержатель Н-1038, 300А","45643","54","","нет"
"                Электрододержатель Н-1039, 500А","45644","60","","нет"
"            Сварочные аппараты Vitals","","","",""
"                Сварочный аппарат ""Vitals Master Mi 3.2n MICRO""                 ","41370","3209","","достаточно"
"                Сварочный аппарат ""Vitals Master Mi 4.0n MICRO""                    ","41376","3500","","нет"
"                Сварочный аппарат ""Vitals Master Mi 5.0n MICRO""                      ","41377","4084","","нет"
"                Сварочный аппарат ""Vitals Mi 200m""                                        ","16165","4357","","нет"
"                Сварочный аппарат ""Vitals Mi 200md""                                      ","16166","4485","","заканчиваются"
"                Сварочный инвертор ""Vitals Professional Mi 160mt""                 ","40741","3678","","достаточно"
"                Сварочный инвертор ""Vitals Professional Mi 165mt""               ","40740","4096","","достаточно"
"                Сварочный инвертор ""Vitals Professional Mi 175mt""                  ","40742","4096","","достаточно"
"                Сварочный инвертор ""Vitals Professional Mi 200da""                 ","40338","4740","","достаточно"
"                Сварочный инвертор ""Vitals Professional Mi 200mt""                   ","40743","4365","","достаточно"
"                Сварочный инвертор ""Vitals Professional Mi 225da""                ","40339","5141","","нет"
"                Сварочный инвертор ""Vitals Professional Mi 250drt""                ","43158","7876","","заканчиваются"
"                Сварочный инвертор ""Vitals Professional Mi 300drt""              ","43159","11668","","достаточно"
"            Сварочные аппараты Кентавр","","","",""
"                Сварочный аппарат ""Кентавр СВ-200ТР""","48631","1564","","нет"
"                Сварочный аппарат ""Кентавр СВ-210М""","16167","3355","","нет"
"                Сварочный аппарат ""Кентавр СВ-210МК""","17101","3573","","нет"
"                Сварочный аппарат ""Кентавр СВ-210ТП""","48632","1721","","нет"
"                Сварочный аппарат ""Кентавр СВ-250ТП""","48633","1939","","заканчиваются"
"                Сварочный аппарат ""Кентавр СВ-250ТПК""","50438","2050","","заканчиваются"
"                Сварочный инвертор ""Кентавр СВ-180А""","40335","2516","","нет"
"                Сварочный инвертор ""Кентавр СВ-200А""","40336","2644","","нет"
"                Сварочный инвертор ""Кентавр СВ-200В""","41712","","","нет"
"                Сварочный инвертор ""Кентавр СВ-200Н""","50608","1532","","достаточно"
"                Сварочный инвертор ""Кентавр СВ-200НК""","50609","1642","","достаточно"
"                Сварочный инвертор ""Кентавр СВ-200ПГ""","41995","2735","","нет"
"                Сварочный инвертор ""Кентавр СВ-200РДК микрон""","43156","3063","","нет"
"                Сварочный инвертор ""Кентавр СВ-200С""","16214","2881","","нет"
"                Сварочный инвертор ""Кентавр СВ-200СА""","17398","3355","","нет"
"                Сварочный инвертор ""Кентавр СВ-200СД""","42353","2935","","нет"
"                Сварочный инвертор ""Кентавр СВ-200СК""","17397","3008","","нет"
"                Сварочный инвертор ""Кентавр СВ-200Т1""","46277","2165","","нет"
"                Сварочный инвертор ""Кентавр СВ-200Т1К""","46276","2332","","нет"
"                Сварочный инвертор ""Кентавр СВ-200ТД форсаж""","46278","2571","","нет"
"                Сварочный инвертор ""Кентавр СВ-205Т форсаж""","43689","2870","","нет"
"                Сварочный инвертор ""Кентавр СВ-205ТД форсаж""","43690","2571","","нет"
"                Сварочный инвертор ""Кентавр СВ-215А""","40337","2990","","нет"
"                Сварочный инвертор ""Кентавр СВ-230С""","17123","3920","","нет"
"                Сварочный инвертор ""Кентавр СВ-235ТД форсаж""","43691","3199","","нет"
"                Сварочный инвертор ""Кентавр СВ-250Н""","50610","1721","","достаточно"
"                Сварочный инвертор ""Кентавр СВ-250НДК""","50611","1861","","достаточно"
"                Сварочный инвертор ""Кентавр СВ-250НК""                                     ►НОВИНКА◄","51738","1807","","заканчиваются"
"                Сварочный инвертор ""Кентавр СВ-250ПГ""","41996","3209","","нет"
"                Сварочный инвертор ""Кентавр СВ-250РД""","43157","4467","","в резерве"
"                Сварочный инвертор ""Кентавр СВ-250С""","17122","4430","","нет"
"                Сварочный инвертор ""Кентавр СВ-250Т форсаж""","46279","2190","","нет"
"                Сварочный инвертор ""Кентавр СВ-250ТД форсаж""","46280","2251","","нет"
"                Сварочный инвертор ""Кентавр СВ-250ТДК форсаж""","46281","2963","","нет"
"                Сварочный инвертор ""Кентавр СВ-255ТД форсаж""","43692","4276","","нет"
"                Сварочный инвертор ""Кентавр СВ-270ТД форсаж""","46282","3379","","нет"
"                Сварочный инвертор ""Кентавр СВ-300ТД форсаж""","43693","4096","","нет"
"                Сварочный инвертор ""Кентавр СПАВ-200Н""","50605","5387","","достаточно"
"                Сварочный инвертор ""Кентавр СПАВ-200СД форсаж""","43462","6399","","нет"
"                Сварочный инвертор ""Кентавр СПАВ-200СДС форсаж""","43463","6997","","нет"
"                Сварочный инвертор ""Кентавр СПАВ-205В""","41713","5502","","нет"
"                Сварочный инвертор ""Кентавр СПАВ-205С""","17458","5980","","нет"
"                Сварочный инвертор ""Кентавр СПАВ-225В""","41714","5681","","нет"
"                Сварочный инвертор ""Кентавр СПАВ-225СД форсаж""","43464","6698","","нет"
"                Сварочный инвертор ""Кентавр СПАВ-225СДС форсаж""","43465","7326","","нет"
"                Сварочный инвертор ""Кентавр СПАВ-235С""","17459","6369","","нет"
"                Сварочный инвертор ""Кентавр СПАВ-250Н""","50607","5678","","достаточно"
"                Сварочный инвертор ""Кентавр СПАВ-250НДР""","50606","6115","","достаточно"
"                Сварочный инвертор ""Кентавр СПАВ-250СД форсаж""","43466","7385","","нет"
"                Сварочный инвертор ""Кентавр СПАВ-250СДС форсаж""","43467","8133","","нет"
"                Сварочный полуавтомат ""Кентавр СПА-175С""","16387","4336","","нет"
"                Сварочный полуавтомат ""Кентавр СПА-195H""","50616","3756","","заканчиваются"
"                Сварочный полуавтомат ""Кентавр СПА-195С""","16215","4545","","нет"
"                Сварочный полуавтомат ""Кентавр СПА-245H""","50612","4135","","заканчиваются"
"                Сварочный трансформатор ""Кентавр СТ-200С""","16216","1832","","нет"
"                Сварочный трансформатор ""Кентавр СТ-250С""","16388","2018","",""
"                Сварочный трансформатор ""Кентавр СТ-300С""","16389","2422","","нет"
"        Стабилизаторы напряжения","","","",""
"            Стабилизатор напряжения Vitals Rs 1000k","16431","3628","","нет"
"            Стабилизатор напряжения Vitals Rs 1001kd","16434","3956","","нет"
"            Стабилизатор напряжения Vitals Rs 100k","16430","675","","нет"
"            Стабилизатор напряжения Vitals Rs 101kd","16433","726","","нет"
"            Стабилизатор напряжения Vitals Rs 50k","16429","565","","нет"
"            Стабилизатор напряжения Vitals Rs 51kd","16432","616","","нет"
"            Стабилизатор напряжения Vitals Rsa 52k","16435","438","","нет"
"            Стабилизатор напряжения Vitals Rw 1002kd","43644","4336","","нет"
"            Стабилизатор напряжения Vitals Rw 201kd","42355","1112","","нет"
"            Стабилизатор напряжения Vitals Rw 501kd","42356","2261","","нет"
"            Стабилизатор напряжения Vitals Rw 801kd","43643","3887","","нет"
"            Стабилизатор напряжения Vitals Trs 1500kd","42357","13491","","нет"
"            Стабилизатор напряжения Vitals Trs 2000kd","42358","17101","","нет"
"            Стабилизатор напряжения Vitals Trs 3000kd","42359","20894","","нет"
"            Стабилизатор напряжения Vitals Ts 300kd","16436","2589","","нет"
"            Стабилизатор напряжения Vitals Ts 500kd","16437","3118","","нет"
"        Станки","","","",""
"            Станки точильные ""Кентавр""","","","",""
"                Станок точильный Кентавр ВТ-125С                                             ►НОВИНКА◄","50652","523","","достаточно"
"                Станок точильный Кентавр ВТ-125СК                                           ►НОВИНКА◄","50653","592","","достаточно"
"                Станок точильный Кентавр ВТА-150С                                           ►НОВИНКА◄","50654","577","","достаточно"
"                Станок точильный Кентавр ВТА-150СК                                         ►НОВИНКА◄","50655","643","","достаточно"
"                Станок точильный Кентавр ВТА-200СК                                         ►НОВИНКА◄","50656","957","","достаточно"
"        Станки для заточки цепей","","","",""
"            Станок для заточки цепей электрический ""Vitals Professional ZKA8511s""","51863","957","","достаточно"
"            Станок для заточки цепей электрический ""Vitals ZKA8510s""           ►НОВИНКА◄","51315","748","","достаточно"
"            Станок для заточки цепей электрический ""Кентавр СЗ-100""","41717","643","","достаточно"
"        Строительное оборудование","","","",""
"            Строительное оборудование ""Biedronka""","","","",""
"                Вибраторы глубинные и комплектующие ""Biedronka""","","","",""
"                    Вибробулава и гибкий вал 32ммх6м, комплект","16723","3319","","заканчиваются"
"                    Вибробулава и гибкий вал 38ммх6м, комплект","16724","3618","","заканчиваются"
"                    Вибробулава и гибкий вал 45ммх6м, комплект","16725","3887","","заканчиваются"
"                    Вибробулава и гибкий вал 50ммх6м, комплект","16726","4156","","заканчиваются"
"                    Вибробулава и гибкий вал 60ммх6м, комплект","16727","4575","","заканчиваются"
"                    Привод глубинного вибратора ""Biedronka WB3600D""","16785","12767","","достаточно"
"                Виброплиты ""Biedronka""","","","",""
"                    Виброплита ""Biedronka PW16030K2""","14796","44469","","в резерве"
"                    Виброплита ""Biedronka PW27038RK""","16721","98469","","в резерве"
"                    Виброплита ""Biedronka PW8012BK""","41844","22248","","в резерве"
"                    Виброплита ""Biedronka PW8012K""","14792","21276","","нет"
"                    Виброплита ""Biedronka PW8813BK""","14793","23285","","нет"
"                    Виброплита ""Biedronka PW8813BZK""","14794","24786","","нет"
"                    Виброплита ""Biedronka PW9515BK""","14795","25731","","нет"
"                Виброрейки ""Biedronka""","","","",""
"                    Виброрейка ""Biedronka LWB1260""","41845","20007","","нет"
"                    Рейка алюминиевая 2,4м LWB1260","41847","2889","","нет"
"                    Рейка алюминиевая 3,0м LWB1260","41848","3348","","нет"
"                    Рейка алюминиевая 3,7м LWB1260","41849","4266","","нет"
"                    Рейка алюминиевая 4,3м LWB1260","41850","4752","","нет"
"                    Рейка алюминиевая 4,9м LWB1260","41851","5076","","нет"
"                Вибротрамбовки ""Biedronka""","","","",""
"                    Вибротрамбовка ""Biedronka UW7814K""","16722","36855","","нет"
"                    Вибротрамбовка ""Biedronka UW8010K""","14797","32724","","нет"
"                    Вибротрамбовка ""Biedronka UW8214FLK""","44417","44469","","нет"
"                Машины затирочные ""Biedronka""","","","",""
"                    Диск затирочный ф 100см","16791","1917","","заканчиваются"
"                    Диск затирочный ф 60см","16789","1107","","заканчиваются"
"                    Диск затирочный ф 90см","16790","1728","","заканчиваются"
"                    Лопасти затирочные 150х270х1,5мм, комплект 4шт","16786","648","","заканчиваются"
"                    Лопасти затирочные 150х350х1,5мм, комплект 4шт","16787","729","","заканчиваются"
"                    Лопасти затирочные 150х450х1,5мм, комплект 4шт","16788","891","","заканчиваются"
"                    Машина затирочная ""Biedronka ZB120K""","16718","38124","","заканчиваются"
"                    Машина затирочная ""Biedronka ZB60K""","16716","27324","","заканчиваются"
"                    Машина затирочная ""Biedronka ZB90K""","16717","28593","","нет"
"                Машины фрезеровальные ""Biedronka""","","","",""
"                    Машина фрезеровальная по бетону ""Biedronka FB2003K""","41852","40338","","заканчиваются"
"                Машины шлифовальные ""Biedronka""","","","",""
"                    Машина шлифовальная по бетону ""Biedronka SB5003K""","41853","40986","","заканчиваются"
"                Шовнарезчики ""Biedronka""","","","",""
"                    Диск отрезной по асфальту с алмазным напылением (d=350mm) ","39384","1917","","достаточно"
"                    Диск отрезной по асфальту с алмазным напылением (d=450mm) ","39388","2862","","заканчиваются"
"                    Диск отрезной по асфальту с алмазным напылением (d=500mm) ","39386","3807","","достаточно"
"                    Диск отрезной по бетону с алмазным напылением (d=350mm) ","39383","1917","","достаточно"
"                    Диск отрезной по бетону с алмазным напылением (d=450mm) ","39387","2862","","заканчиваются"
"                    Диск отрезной по бетону с алмазным напылением (d=500mm) ","39385","3807","","заканчиваются"
"                    Шовнарезчик ""Biedronka PZ1250K""","16720","42255","","достаточно"
"                    Шовнарезчик ""Biedronka PZ1345K""","16719","37476","","заканчиваются"
"                    Шовнарезчик ""Biedronka PZ7035K""","38730","22707","","достаточно"
"            Строительное оборудование","","","",""
"                Вибраторы глубинные и комплектующие ""Кентавр""","","","",""
"                    Вибратор глубинный для бетона ""Кентавр ВБР0801Э""","40346","700","","нет"
"                    Вибратор глубинный для бетона ""Кентавр ВБР1401Э""","40351","2691","","нет"
"                    Вибратор глубинный для бетона ""Кентавр ВБР1501Э""","40342","3610","","нет"
"                    Вибратор глубинный для бетона ""Кентавр ВБР1502Э""","40360","2396","","нет"
"                    Вибратор глубинный для бетона ""Кентавр ВБР1601Э""","40352","2849","","нет"
"                    Вибратор глубинный для бетона ""Кентавр ВБР1602Э""","45774","2849","","нет"
"                    Вибратор глубинный для бетона ""Кентавр ВБР2001Э""","45768","3824","","заканчиваются"
"                    Вибратор глубинный для бетона ""Кентавр ВБР2002Э""","45775","2990","","достаточно"
"                    Вибробулава 38ммх450мм ВБР1401Э/1601Э/1602Э/2002Э","40354","658","","нет"
"                    Вибробулава 51ммх450мм ВБР1401Э/1601Э/1602Э/2002Э","40355","","","нет"
"                    Вибробулава 76ммх450мм ВБР1401Э/1601Э/1602Э/2002Э","40356","1319","","нет"
"                    Вибробулава и гибкий вал 32ммх4м, комплект ВБР1501Э/2001Э","40343","1550","","нет"
"                    Вибробулава и гибкий вал 32ммх6м, комплект ВБР1501Э/2001Э","40383","1860","","нет"
"                    Вибробулава и гибкий вал 35ммх1,5м, комплект ВБР0801Э","40348","577","","нет"
"                    Вибробулава и гибкий вал 38ммх4м, комплект ВБР1501Э/2001Э","40344","1604","","нет"
"                    Вибробулава и гибкий вал 38ммх4м, комплект ВБР2001Э","45770","1516","","нет"
"                    Вибробулава и гибкий вал 38ммх6м, комплект ВБР1501Э/2001Э","40384","1914","","нет"
"                    Вибробулава и гибкий вал 38ммх6м, комплект ВБР1502Э","40387","1541","","заканчиваются"
"                    Вибробулава и гибкий вал 45ммх4м, комплект ВБР1501Э/2001Э","40345","1674","","нет"
"                    Вибробулава и гибкий вал 45ммх4м, комплект ВБР2001Э","45772","1573","","нет"
"                    Вибробулава и гибкий вал 45ммх6м, комплект ВБР1501Э/2001Э","40385","1969","","нет"
"                    Вибробулава и гибкий вал 45ммх6м, комплект ВБР1502Э","40388","1599","","нет"
"                    Вибробулава и гибкий вал 50ммх6м, комплект ВБР1502Э","40389","1659","","нет"
"                    Вибробулава и гибкий вал 70ммх6м, комплект ВБР1502Э","40362","1768","","нет"
"                    Гибкий вал 3м ВБР1401Э/1601Э/1602Э/2002Э","40357","646","","нет"
"                    Гибкий вал 4,5м ВБР1401Э/1601Э/1602Э/2002Э","40358","897","","заканчиваются"
"                    Гибкий вал 6м ВБР1401Э/1601Э/1602Э/2002Э","40359","1136","","нет"
"                Виброплиты ""Кентавр""","","","",""
"                    Виброплита ""Кентавр ВП 100-1К""","46765","16385","","нет"
"                    Виброплита ""Кентавр ВП 100-1КБ""","46766","15142","","нет"
"                    Виброплита ""Кентавр ВП 100К""","38817","14269","","нет"
"                    Виброплита ""Кентавр ВП 40""","38812","9027","","нет"
"                    Виброплита ""Кентавр ВП 50""","14791","9901","","нет"
"                    Виброплита ""Кентавр ВП 60К""","38813","11648","","нет"
"                    Виброплита ""Кентавр ВП 60КБ""","38814","12522","","нет"
"                    Виброплита ""Кентавр ВП 70КБ""","46763","12522","","нет"
"                    Виброплита ""Кентавр ВП 90-1КБ""","38816","13395","","в резерве"
"                    Виброплита ""Кентавр ВП 90К""","38815","15770","","нет"
"                    Виброплита ""Кентавр ВП 95КБ""","46764","17133","","нет"
"                Виброрейки ""Кентавр""","","","",""
"                    Виброрейка для бетона ""Кентавр ВР2501Б""","40363","11231","","нет"
"                    Рейка алюминиевая 2,5м ВР2501Б","40365","4850","","нет"
"                    Рейка алюминиевая 2м ВР2501Б","40364","3938","","нет"
"                    Рейка алюминиевая 3,5м ВР2501Б","40367","7293","","заканчиваются"
"                    Рейка алюминиевая 3м ВР2501Б","40366","5761","","нет"
"                    Рейка алюминиевая 4м ВР2501Б","40368","8824","","нет"
"                Вибротрамбовки ""Кентавр""","","","",""
"                    Вибротрамбовка ""Кентавр ВТ95""","38818","22714","","заканчиваются"
"                Колуны ""Кентавр""","","","",""
"                    Колун для тротуарной плитки Кентавр КТП-320У","45118","6427","","достаточно"
"                    Колун для тротуарной плитки Кентавр КТП-420У","45119","6831","","достаточно"
"                Шовнарезчики ""Кентавр""","","","",""
"                    Шовнарезчик ""Кентавр ШВ 450П""","46768","24752","","заканчиваются"
"        Тачки","","","",""
"             Тачки","","","",""
"                Тачка двухколесная 100/250","16143","920","","нет"
"                Тачка двухколесная 65/130","12543","805","","достаточно"
"                Тачка двухколесная 65/130 зеленая","16751","751","","заканчиваются"
"                Тачка двухколесная 85/150","13355","905","","заканчиваются"
"                Тачка двухколесная 85/150 зеленая","16750","905","","нет"
"                Тачка одноколесная 100/150","12541","753","","достаточно"
"                Тачка одноколесная 100/180","12702","758","","достаточно"
"                Тачка одноколесная 100/180 (К)","43676","839","","в резерве"
"                Тачка одноколесная 100/180 (М)","44494","836","","нет"
"                Тачка одноколесная 100/180 зеленая","16749","868","","нет"
"                Тачка одноколесная 100/190 зеленая","44385","870","","заканчиваются"
"                Тачка одноколесная 110/250","16144","1541","","нет"
"                Тачка одноколесная 65/100","12540","468","","достаточно"
"                Тачка одноколесная 65/100 зеленая","41983","437","","нет"
"                Тачка одноколесная 75/150","13354","587","","достаточно"
"                Тачка одноколесная 90/160 зеленая Limex","44927","733","","нет"
"            Тележка ВВ-200","17121","1091","","заканчиваются"
"        Триммеры","","","",""
"            Триммер электрический Vitals EZT 032m","47691","454","","нет"
"            Триммер электрический Vitals EZT 032s","51313","408","","заканчиваются"
"            Триммер электрический Vitals Master EZT 033m","47690","687","","нет"
"            Триммер электрический Vitals Master EZT 043s","51316","687","","в резерве"
"            Триммер электрический Vitals Master EZT 053s","40300","906","","нет"
"        Электроинструмент","","","",""
"            Инструмент","","","",""
"                Дрели электрические","","","",""
"                    Дрель электрическая  Vitals Et 1350KN","44110","443","","нет"
"                    Дрель электрическая  Vitals Et 1360KNc","44111","484","","нет"
"                    Дрель электрическая  Vitals Et 1375KN","44112","565","","заканчиваются"
"                    Дрель электрическая  Vitals Et 1381KN","44113","619","","заканчиваются"
"                    Дрель электрическая  Vitals Um 1050KN","44118","440","","нет"
"                    Дрель электрическая  Vitals-Master Et 2105YED","44691","1286","","нет"
"                    Дрель электрическая  Vitals-Master Et 2650YE","44693","679","","заканчиваются"
"                    Дрель электрическая  Vitals-Master Et 2850YE","44692","948","","заканчиваются"
"                    Дрель электрическая  Vitals-Master Et1380HL","43111","759","","заканчиваются"
"                    Дрель электрическая  Vitals-Master Um 2750YE","44694","960","","заканчиваются"
"                    Дрель электрическая  Vitals-Master Um1045HL","43110","520","","заканчиваются"
"                    Дрель-миксер электрическая Vitals-Master Em 1285BR","45766","1459","","нет"
"                    Дрель-миксер электрическая Vitals-Master Em 1414BR","45767","2054","","нет"
"                Дрели-шуруповерты аккумуляторные и сетевые","","","",""
"                    Дрель-шуруповерт аккумуляторная Vitals Master AUmd 12/2dn ","40258","1001","","нет"
"                    Дрель-шуруповерт аккумуляторная Vitals Master AUmd 14/2dn ","40259","1115","","достаточно"
"                    Дрель-шуруповерт аккумуляторная Vitals Master AUmd 18/2dn ","40260","1230","","нет"
"                    Дрель-шуруповерт аккумуляторная Vitals Master AUmo 12/2dli ","40261","1230","","нет"
"                    Дрель-шуруповерт аккумуляторная Vitals Master AUmo 12/2dn ","40255","972","","достаточно"
"                    Дрель-шуруповерт аккумуляторная Vitals Master AUmo 14/2dli ","40262","1430","","нет"
"                    Дрель-шуруповерт аккумуляторная Vitals Master AUmo 14/2dn ","40256","1030","","достаточно"
"                    Дрель-шуруповерт аккумуляторная Vitals Master AUmo 18/2dn ","40257","1173","","нет"
"                    Дрель-шуруповерт аккумуляторная Vitals Professional AUpo 10/2nli","41709","1633","","достаточно"
"                    Дрель-шуруповерт аккумуляторная Vitals Professional AUpo 14/2nli","41710","1815","","нет"
"                    Дрель-шуруповерт аккумуляторная Vitals Professional AUpo 18/2nli","41711","1973","","нет"
"                    Дрель-шуруповерт аккумуляторная Vitals-Master  ASH-12D2S","8336","858","","нет"
"                    Дрель-шуруповерт аккумуляторная Vitals-Master ASH-18D","7574","1001","","нет"
"                    Дрель-шуруповерт аккумуляторная Vitals-Master ASH-18D2S","9008","1058","","нет"
"                    Дрель-шуруповерт электрический Vitals Us 1032MG Dual Speed Pro+","51492","643","","нет"
"                    Дрель-шуруповерт электрический Vitals Us 1030MG","46809","556","","достаточно"
"                Лобзики","","","",""
"                    Лобзик электрический Vitals Ef 5550KN","44119","431","","нет"
"                    Лобзик электрический Vitals-Master Ef5562HL","43113","1067","","нет"
"                Машины шлифовальные","","","",""
"                    Машина  шлифовальная Vitals Es9323HL","43112","756","","заканчиваются"
"                    Машина шлифовальная прямая аккумуляторная Vitals Master Eu 1022mli","46808","987","","достаточно"
"                Многофункциональный инструмент","","","",""
"                    Аккумулятор lu 1016mli","47335","413","","заканчиваются"
"                    Бумага шлифовальная (3шт.) lu 1016mli","47336","6","","достаточно"
"                    Инструмент многофункциональный Vitals Master lu 1016mli","46807","1402","","достаточно"
"                    Пильное полотно по дереву (узкое) lu 1016mli","47339","24","","достаточно"
"                    Пильное полотно сегментированное твердосплавное lu 1016mli","47337","48","","достаточно"
"                    Платформа шлифовальная треугольная lu 1016mli","47338","48","","достаточно"
"                Молотки отбойные","","","",""
"                    Молоток отбойный электрический Vitals Master At 1550DS","45763","4637","","нет"
"                Перфораторы","","","",""
"                    Перфоратор Vitals-Master Ra 2462HB","41808","1133","","нет"
"                    Перфоратор Vitals-Master Ra 2680HB","41809","1334","","нет"
"                    Перфоратор Vitals-Master Ra 2685DS","45765","1384","","нет"
"                    Перфоратор Vitals-Master Ra 2882HB","41810","1334","","нет"
"                    Перфоратор Vitals-Master Ra 2882HBp","41811","1540","","нет"
"                    Перфоратор Vitals-Master Ra 3212DS","45764","1752","","нет"
"                Пилы циркулярные","","","",""
"                    Пила отрезная  Vitals-Master Gr3525HL","43114","2359","","заканчиваются"
"                    Пила циркулярная Vitals-Master Rg2320HLa","43108","1680","","нет"
"                    Пила циркулярная Vitals-Master Rg2520HL","43109","1740","","нет"
"                Станины для УШМ","","","",""
"                    Станина для УШМ Vitals SLs 125J","44690","437","","нет"
"                    Станина для УШМ Vitals SLs 230J","44688","574","","нет"
"                    Станина для УШМ Vitals SLs 230Ja","44689","1232","","нет"
"                УШМ","","","",""
"                    УШМ  Vitals-Master Ls1272HL","43106","786","","достаточно"
"                    УШМ  Vitals-Master Ls1286HLv","43105","831","","достаточно"
"                    УШМ  Vitals-Master Ls1512HL","46019","1112","","достаточно"
"                    УШМ  Vitals-Master Ls1814HLv","46020","1226","","достаточно"
"                    УШМ  Vitals-Master Ls2320HL","46021","1854","","достаточно"
"                    УШМ  Vitals-Master Ls2323HL","43107","2033","","нет"
"                    УШМ Vitals Ls 1265KN","44114","484","","нет"
"                    УШМ Vitals Ls 1280KN","44115","565","","нет"
"                    УШМ Vitals Ls 1290KN","44116","598","","нет"
"                    УШМ Vitals Ls 2320KN","44117","1202","","заканчиваются"
"                Фрезеры","","","",""
"                    Фрезер вертикальный Vitals-Master Ev 1216YE","44695","1447","","нет"
"        Электрокосы ","","","",""
"            Электрокоса Vitals Master EZT-124s","40304","1689","","нет"
"            Электрокоса Vitals Master EZT-124vrs","47665","1846","","достаточно"
"            Электрокоса Vitals Master EZT-124vs","40305","1782","","в резерве"
"            Электрокоса Кентавр СК-1035Э","40302","1348","","нет"
"            Электрокоса Кентавр СК-1238Э","47632","1377","","нет"
"            Электрокоса Кентавр СК-1242Э","40303","1407","","нет"
"            Электрокоса Кентавр СК-1438Э","47664","1439","","нет"
"        Электропилы","","","",""
"            Высоторез электрический ""Vitals Master EA7125s""","41715","2097","","достаточно"
"            Пила электрическая ""Limex""","","","",""
"                Пила электрическая Limex ELp 1812е                                           ►НОВИНКА◄","51356","1179","","нет"
"                Пила электрическая Limex Pro Line ELp 2816р                             ►НОВИНКА◄","51312","1835","","нет"
"            Пила электрическая ""Vitals""","","","",""
"            Пила электрическая Vitals EKZ 2040                                                  ►НОВИНКА◄","51865","1572","","достаточно"
"            Пила электрическая Vitals Master EKZ 2245","47666","2033","","заканчиваются"
"            Пила электрическая Vitals Master EKZ 2440","16596","2126","","заканчиваются"
"            Пила электрическая ""Кентавр""","","","",""
"                Пила электрическая Кентавр СП-204","40299","1376","","достаточно"
"                Пила электрическая Кентавр СП-204ТМ","50603","1313","","достаточно"
"                Пила электрическая Кентавр СП-224","16595","1750","","нет"
"                Пила электрическая Кентавр СП-244П","51314","1626","","достаточно"
